{"name":"ff048c32-d773-489c-a90e-be40d192bbf4","id":"/providers/Microsoft.Flow/flows/ff048c32-d773-489c-a90e-be40d192bbf4","type":"Microsoft.Flow/flows","properties":{"apiId":"/providers/Microsoft.PowerApps/apis/shared_logicflows","displayName":"Delete item from QnA Maker v1.0","definition":{"metadata":{"workflowEntityId":null,"creator":{"id":"fb4240cc-2f2e-4d78-813d-17362da44c73","type":"User","tenantId":"cdd71ed0-59fd-4c2a-a66b-b27cd90e6dda"},"provisioningMethod":"FromDefinition","failureAlertSubscription":true,"clientLastModifiedTime":"2019-05-15T19:53:24.2192115Z"},"$schema":"https://schema.management.azure.com/providers/Microsoft.Logic/schemas/2016-06-01/workflowdefinition.json#","contentVersion":"1.0.0.0","parameters":{"$connections":{"defaultValue":{},"type":"Object"},"$authentication":{"defaultValue":{},"type":"SecureObject"}},"triggers":{"When_question_is_deleted":{"recurrence":{"interval":1,"frequency":"Minute"},"splitOn":"@triggerBody()?['value']","metadata":{"flowSystemMetadata":{"swaggerOperationId":"GetOnDeletedItems"}},"type":"ApiConnection","inputs":{"host":{"connection":{"name":"@parameters('$connections')['shared_sharepointonline']['connectionId']"},"api":{"runtimeUrl":"https://unitedstates-002.azure-apim.net/apim/sharepointonline"}},"method":"get","path":"/datasets/@{encodeURIComponent(encodeURIComponent('https://m365x396562.sharepoint.com/sites/Sales'))}/tables/@{encodeURIComponent(encodeURIComponent('f971d458-c56f-4767-b3a2-8c6f0c1033e6'))}/ondeleteditems","authentication":"@parameters('$authentication')"}}},"actions":{"Initialize_variable_qId":{"runAfter":{"Initialize_variable_kbId":["Succeeded"]},"type":"InitializeVariable","inputs":{"variables":[{"name":"qId","type":"String"}]}},"Initialize_subscriptionKey":{"runAfter":{},"type":"InitializeVariable","inputs":{"variables":[{"name":"subscriptionKey","type":"String"}]}},"Initialize_variable_kbId":{"runAfter":{"Initialize_subscriptionKey":["Succeeded"]},"type":"InitializeVariable","inputs":{"variables":[{"name":"kbId","type":"String"}]}},"HTTP_-_download_KB":{"runAfter":{"Initialize_variable_qId":["Succeeded"]},"type":"Http","inputs":{"method":"GET","uri":"https://westus.api.cognitive.microsoft.com/qnamaker/v4.0/knowledgebases/@{variables('kbId')}/Prod/qna\n","headers":{"Ocp-Apim-Subscription-Key":"@variables('subscriptionKey')"}}},"Parse_JSON":{"runAfter":{"HTTP_-_download_KB":["Succeeded"]},"type":"ParseJson","inputs":{"content":"@body('HTTP_-_download_KB')","schema":{"type":"object","properties":{"qnaDocuments":{"type":"array","items":{"type":"object","required":["id","answer","source","questions","metadata","alternateQuestions","alternateQuestionClusters"],"properties":{"id":{"type":"integer"},"answer":{"type":"string"},"source":{"type":"string"},"questions":{"type":"array","items":{"type":"string"}},"metadata":{"type":"array"},"alternateQuestions":{"type":"string"},"alternateQuestionClusters":{"type":"array"},"context":{"type":"object","properties":{"isContextOnly":{"type":"boolean"},"prompts":{"type":"array","items":{"type":"object","required":["displayOrder","qnaId","qna","displayText"],"properties":{"displayOrder":{"type":"integer"},"qnaId":{"type":"integer"},"qna":{"type":"object","properties":{"id":{"type":"integer"},"answer":{"type":"string"},"source":{"type":"string"},"questions":{"type":"array","items":{"type":"string"}},"metadata":{"type":"array","items":{"type":"object","required":["name","value"],"properties":{"name":{"type":"string"},"value":{"type":"string"}}}},"alternateQuestions":{"type":"string"},"alternateQuestionClusters":{"type":"array"},"context":{"type":"object","properties":{"isContextOnly":{"type":"boolean"},"prompts":{"type":"array"}}}}},"displayText":{"type":"string"}}}}}}}}}}}}},"Get_SPO_Items":{"runAfter":{"Parse_JSON":["Succeeded"]},"type":"Query","inputs":{"from":"@body('Parse_JSON')?['qnaDocuments']","where":"@equals(item()?['source'], 'SPO')"}},"Apply_to_each_SPO_Question":{"foreach":"@body('Get_SPO_Items')","actions":{"metadata_extract":{"runAfter":{"Set_variable_qID_to_current_id":["Succeeded"]},"type":"Compose","inputs":"@items('Apply_to_each_SPO_Question')['metadata']"},"Apply_to_each_metadata":{"foreach":"@outputs('metadata_extract')","actions":{"Condition":{"actions":{"HTTP_-_delete_item_from_QnA_Maker":{"runAfter":{},"type":"Http","inputs":{"method":"PATCH","uri":"https://westus.api.cognitive.microsoft.com/qnamaker/v4.0/knowledgebases/@{variables('kbId')}","headers":{"Content-Type":"application/json","Ocp-Apim-Subscription-Key":"f9f553525c0548a6881b5976da1bb7e7"},"body":{"delete":{"ids":["@variables('qId')"],"sources":["SPO"]}}}},"Delay_for_30s_for_operation_to_complete":{"runAfter":{"HTTP_-_delete_item_from_QnA_Maker":["Succeeded"]},"type":"Wait","inputs":{"interval":{"count":30,"unit":"Second"}}},"HTTP_-_publish_KB":{"runAfter":{"Delay_for_30s_for_operation_to_complete":["Succeeded"]},"type":"Http","inputs":{"method":"POST","uri":"https://westus.api.cognitive.microsoft.com/qnamaker/v4.0/knowledgebases/@{variables('kbId')}","headers":{"Ocp-Apim-Subscription-Key":"@variables('subscriptionKey')"}}}},"runAfter":{},"expression":{"and":[{"equals":["@item()['name']","spid"]},{"equals":["@item()['value']","@string(triggerBody()?['ID'])"]}]},"type":"If"}},"runAfter":{"metadata_extract":["Succeeded"]},"type":"Foreach"},"Set_variable_qID_to_current_id":{"runAfter":{},"type":"SetVariable","inputs":{"name":"qId","value":"@{items('Apply_to_each_SPO_Question')['id']}"}}},"runAfter":{"Get_SPO_Items":["Succeeded"]},"type":"Foreach"}},"outputs":{}},"connectionReferences":{"shared_sharepointonline":{"connectionName":"shared-sharepointonl-01340b6a-35dd-4a20-9498-db5eed1c9c12","source":"Embedded","id":"/providers/Microsoft.PowerApps/apis/shared_sharepointonline","tier":"NotSpecified"}},"flowFailureAlertSubscribed":false}}